id,mid,poa_global,temp_module,wind_speed
1,matrix,100,0,0
2,matrix,100,5,0
3,matrix,100,10,0
4,matrix,100,15,0
5,matrix,100,20,0
6,matrix,100,25,0
7,matrix,100,30,0
8,matrix,100,35,0
9,matrix,100,40,0
10,matrix,100,45,0
11,matrix,100,50,0
12,matrix,100,55,0
13,matrix,100,60,0
14,matrix,100,65,0
15,matrix,100,70,0
16,matrix,200,0,0
17,matrix,200,5,0
18,matrix,200,10,0
19,matrix,200,15,0
20,matrix,200,20,0
21,matrix,200,25,0
22,matrix,200,30,0
23,matrix,200,35,0
24,matrix,200,40,0
25,matrix,200,45,0
26,matrix,200,50,0
27,matrix,200,55,0
28,matrix,200,60,0
29,matrix,200,65,0
30,matrix,200,70,0
31,matrix,300,0,0
32,matrix,300,5,0
33,matrix,300,10,0
34,matrix,300,15,0
35,matrix,300,20,0
36,matrix,300,25,0
37,matrix,300,30,0
38,matrix,300,35,0
39,matrix,300,40,0
40,matrix,300,45,0
41,matrix,300,50,0
42,matrix,300,55,0
43,matrix,300,60,0
44,matrix,300,65,0
45,matrix,300,70,0
46,matrix,400,0,0
47,matrix,400,5,0
48,matrix,400,10,0
49,matrix,400,15,0
50,matrix,400,20,0
51,matrix,400,25,0
52,matrix,400,30,0
53,matrix,400,35,0
54,matrix,400,40,0
55,matrix,400,45,0
56,matrix,400,50,0
57,matrix,400,55,0
58,matrix,400,60,0
59,matrix,400,65,0
60,matrix,400,70,0
61,matrix,500,0,0
62,matrix,500,5,0
63,matrix,500,10,0
64,matrix,500,15,0
65,matrix,500,20,0
66,matrix,500,25,0
67,matrix,500,30,0
68,matrix,500,35,0
69,matrix,500,40,0
70,matrix,500,45,0
71,matrix,500,50,0
72,matrix,500,55,0
73,matrix,500,60,0
74,matrix,500,65,0
75,matrix,500,70,0
76,matrix,600,0,0
77,matrix,600,5,0
78,matrix,600,10,0
79,matrix,600,15,0
80,matrix,600,20,0
81,matrix,600,25,0
82,matrix,600,30,0
83,matrix,600,35,0
84,matrix,600,40,0
85,matrix,600,45,0
86,matrix,600,50,0
87,matrix,600,55,0
88,matrix,600,60,0
89,matrix,600,65,0
90,matrix,600,70,0
91,matrix,700,0,0
92,matrix,700,5,0
93,matrix,700,10,0
94,matrix,700,15,0
95,matrix,700,20,0
96,matrix,700,25,0
97,matrix,700,30,0
98,matrix,700,35,0
99,matrix,700,40,0
100,matrix,700,45,0
101,matrix,700,50,0
102,matrix,700,55,0
103,matrix,700,60,0
104,matrix,700,65,0
105,matrix,700,70,0
106,matrix,800,0,0
107,matrix,800,5,0
108,matrix,800,10,0
109,matrix,800,15,0
110,matrix,800,20,0
111,matrix,800,25,0
112,matrix,800,30,0
113,matrix,800,35,0
114,matrix,800,40,0
115,matrix,800,45,0
116,matrix,800,50,0
117,matrix,800,55,0
118,matrix,800,60,0
119,matrix,800,65,0
120,matrix,800,70,0
121,matrix,900,0,0
122,matrix,900,5,0
123,matrix,900,10,0
124,matrix,900,15,0
125,matrix,900,20,0
126,matrix,900,25,0
127,matrix,900,30,0
128,matrix,900,35,0
129,matrix,900,40,0
130,matrix,900,45,0
131,matrix,900,50,0
132,matrix,900,55,0
133,matrix,900,60,0
134,matrix,900,65,0
135,matrix,900,70,0
136,matrix,1000,0,0
137,matrix,1000,5,0
138,matrix,1000,10,0
139,matrix,1000,15,0
140,matrix,1000,20,0
141,matrix,1000,25,0
142,matrix,1000,30,0
143,matrix,1000,35,0
144,matrix,1000,40,0
145,matrix,1000,45,0
146,matrix,1000,50,0
147,matrix,1000,55,0
148,matrix,1000,60,0
149,matrix,1000,65,0
150,matrix,1000,70,0
151,matrix,1100,0,0
152,matrix,1100,5,0
153,matrix,1100,10,0
154,matrix,1100,15,0
155,matrix,1100,20,0
156,matrix,1100,25,0
157,matrix,1100,30,0
158,matrix,1100,35,0
159,matrix,1100,40,0
160,matrix,1100,45,0
161,matrix,1100,50,0
162,matrix,1100,55,0
163,matrix,1100,60,0
164,matrix,1100,65,0
165,matrix,1100,70,0
166,matrix,1200,0,0
167,matrix,1200,5,0
168,matrix,1200,10,0
169,matrix,1200,15,0
170,matrix,1200,20,0
171,matrix,1200,25,0
172,matrix,1200,30,0
173,matrix,1200,35,0
174,matrix,1200,40,0
175,matrix,1200,45,0
176,matrix,1200,50,0
177,matrix,1200,55,0
178,matrix,1200,60,0
179,matrix,1200,65,0
180,matrix,1200,70,0
